ClientId,FirstName,LastName,PhoneNumber,Address
5657,Indira, King,(525) 557-6823,722-7007 Nisi Rd.
3394,Sheila, Knight,(453) 367-0815,376-574 Lorem Street
894,Charde, Stokes,(304) 266-9744,Ap #878-1189 Libero. Ave
5595,Erin, Ward,(943) 613-6312,904-8618 Natoque Av.
8276,Quinn, Gray,(268) 435-4253,427-5560 Nisl Avenue
6596,Nolan, Gaines,1-289-766-4161,"5595,Erin Ward,(943) 613-6312,904-8618 Natoque Av."
8047,Vincent, Mckee,1-678-234-2167,696-9876 In Rd.
767,Cain, Keller,1-937-262-9515,646-1973 Eu Rd.
96,Cole, Barton,(432) 787-8662,685-1615 Cursus St.
294,Lucy, Chen,1-252-535-4135,"5595,Erin Ward,(943) 613-6312,904-8618 Natoque Av."
1064,Brent, Brady,1-741-626-3857,Ap #917-8199 Nunc Ave
251,Travis, Chase,(352) 616-4183,"5595,Erin Ward,(943) 613-6312,904-8618 Natoque Av."
2519,Xander, Huber,1-408-959-1824,266 Luctus Av.
8639,Kaseem, Whitfield,(746) 286-7812,815-2674 Tellus St.
9353,Jennifer, Banks,(627) 858-3833,"5595,Erin Ward,(943) 613-6312,904-8618 Natoque Av."
5058,Rajah, Lara,(911) 607-8761,982-7119 Sapien. Rd.
1991,Branden, Byrd,(767) 197-6684,"5595,Erin Ward,(943) 613-6312,904-8618 Natoque Av."
1445,Jolene, Collins,(325) 664-9967,"5595,Erin Ward,(943) 613-6312,904-8618 Natoque Av."
1366,Keane, Vargas,(857) 243-5401,3867 Vel Av.
818,Erasmus, Rodgers,(847) 253-2813,227 Felis Ave
1049,Irma, Ray,1-564-831-5470,Ap #518-1438 Lacus. St.
5523,Leilani, Gutierrez,1-651-325-3865,Ap #361-5204 Sed St.
9431,Brian, Dale,(597) 758-3718,852-9682 Magna. Street
2413,Ciaran, Davis,(282) 223-5549,1768 Blandit. Avenue
6021,Ariana, Hart,(415) 578-4773,"5595,Erin Ward,(943) 613-6312,904-8618 Natoque Av."
5877,Macon, Hopper,1-753-707-5855,"5595,Erin Ward,(943) 613-6312,904-8618 Natoque Av."
5290,Ila, Monroe,1-269-882-0147,"5595,Erin Ward,(943) 613-6312,904-8618 Natoque Av."
9676,Jillian, Ramsey,1-837-744-3334,"5595,Erin Ward,(943) 613-6312,904-8618 Natoque Av."
4985,Chantale, Austin,1-383-394-6735,Ap #172-1575 Sed St.
7325,Otto, Lucas,1-414-664-4142,Ap #599-6654 Arcu. Rd.
2378,Sade, Joyner,(867) 611-2357,"5595,Erin Ward,(943) 613-6312,904-8618 Natoque Av."
1157,Gisela, Sloan,1-617-185-5173,Ap #697-150 Risus. Avenue
9167,Wyoming, Berger,(631) 204-7194,825-3780 Eget Road
5463,Caleb, Ayers,1-636-839-7885,"5595,Erin Ward,(943) 613-6312,904-8618 Natoque Av."
3766,Elizabeth, Langley,(517) 355-7335,Ap #471-7224 Faucibus Street
6664,Armand, Mcguire,(862) 458-1858,399-8237 Amet St.
3505,Dane, Huff,(350) 476-2582,Ap #679-1468 Eget Rd.
1715,Quyn, Macdonald,1-341-855-3842,528-9914 Ipsum. St.
8694,Sebastian, Higgins,1-126-574-3112,Ap #230-6456 Vitae Avenue
6009,Kirsten, Jordan,1-781-491-3949,693-4903 Donec St.
5914,Wallace, Wise,(839) 472-4874,"5595,Erin Ward,(943) 613-6312,904-8618 Natoque Av."
801,Hasad, Christian,(673) 681-8589,Ap #824-6190 Dui Av.
8456,Hayden, Case,(438) 487-8667,333-5905 Viverra. St.
9661,Fleur, Holman,1-651-638-3326,193-7501 Cursus Ave
6998,Kiona, Davis,1-829-748-9134,918-429 Libero. Street
4235,Imelda, Stephens,1-324-782-4133,202-435 Magna. Street
3823,Kimberley, Dunlap,1-836-657-4110,9810 Placerat Road
2938,Alan, Gibson,1-649-524-4582,Ap #954-5227 Nulla Rd.
9645,Lila, Whitaker,1-274-628-1662,975-6667 Sed Road
2286,Barbara, Meyers,1-183-643-5913,Ap #428-9813 Lacus. Rd.
